<application>
  <component name="DefaultFont">
    <option name="FONT_SIZE" value="16" />
    <option name="FONT_FAMILY" value="Source Code Pro" />
    <option name="USE_LIGATURES" value="true" />
  </component>
  <component name="EditorSettings">
    <option name="languageBreadcrumbsMap">
      <map>
        <entry key="JAVA" value="true" />
        <entry key="XML" value="true" />
      </map>
    </option>
    <option name="USE_SOFT_WRAPS" value="" />
    <option name="IS_RIGHT_MARGIN_SHOWN" value="false" />
    <option name="ARE_GUTTER_ICONS_SHOWN" value="false" />
  </component>
</application>