<application>
  <component name="GitRememberedInputs">
    <option name="visitedUrls">
      <list>
        <UrlAndUserName>
          <option name="url" value="http://10.8.200.161" />
          <option name="userName" value="zhouhao" />
        </UrlAndUserName>
        <UrlAndUserName>
          <option name="url" value="http://10.8.200.161/howar/GeneralBuildingRobotsApp.git" />
          <option name="userName" value="" />
        </UrlAndUserName>
        <UrlAndUserName>
          <option name="url" value="https://github.com/YoKeyword/Fragmentation.git" />
          <option name="userName" value="" />
        </UrlAndUserName>
        <UrlAndUserName>
          <option name="url" value="https://github.com/xuuhaoo/OkSocket.git" />
          <option name="userName" value="" />
        </UrlAndUserName>
        <UrlAndUserName>
          <option name="url" value="git@10.8.200.161:howar/GeneralBuildingRobotsApp.git" />
          <option name="userName" value="" />
        </UrlAndUserName>
      </list>
    </option>
    <option name="cloneParentDir" value="D:\bzl_code" />
  </component>
  <component name="Vcs.Log.App.Settings">
    <option name="SHOW_TAG_NAMES" value="true" />
    <option name="SHOW_DIFF_PREVIEW" value="true" />
  </component>
</application>